Date,DT,Energy,Peak_Demand,Peak_Hour,Min_Demand,RT_LMP,Avg_DA_LMP,Avg_RT_LMP,Max_5_Minute_LMP,Neg_Intervals
2023-01-01,7,32,1711,18,1074,71.85000000000001,33.45875,32.1025,85.0,5
2023-01-02,1,36,1897,18,1167,129.05,42.35041666666667,65.02833333333334,161.5,0
2023-01-03,2,39,1924,18,1259,45.53,49.532500000000006,89.31750000000001,285.16,0
2023-01-04,3,37,1885,18,1189,56.61,41.67333333333333,34.13875000000001,72.57000000000001,5
2023-01-05,4,38,1915,18,1176,62.93,41.152499999999996,36.339999999999996,93.62,0
2023-01-06,5,39,1938,18,1237,50.57,43.1475,49.36125000000001,196.22,0
2023-01-07,6,37,1820,18,1278,53.300000000000004,44.74125,45.13958333333334,88.01,0
2023-01-08,7,37,1957,18,1303,67.58,45.308749999999996,40.47500000000001,79.28,1
2023-01-09,1,40,1983,18,1331,76.59,47.45916666666667,42.94916666666666,104.66,0
2023-01-10,2,39,1939,19,1332,61.64,66.20875,87.44041666666665,402.61,0
2023-01-11,3,40,1986,18,1353,94.71000000000001,70.81708333333334,72.48833333333334,133.76,0
2023-01-12,4,40,1932,18,1325,61.730000000000004,55.3775,58.518333333333324,103.85000000000001,0
2023-01-13,5,36,1754,18,1171,63.21,39.065416666666664,36.21333333333333,68.76,0
2023-01-14,6,37,1858,18,1193,74.57000000000001,63.55166666666667,82.21666666666667,156.49,0
2023-01-15,7,39,1981,18,1311,139.07,66.94625,95.86666666666667,174.13,0
2023-01-16,1,41,2058,18,1346,163.72,90.14208333333333,109.53375000000001,168.19,0
2023-01-17,2,38,1875,18,1347,76.54,83.83,66.02125,471.24,0
2023-01-18,3,36,1830,19,1224,30.95,47.220416666666665,32.51916666666667,51.71,0
2023-01-19,4,39,1935,18,1231,32.9,34.67958333333333,30.370000000000005,42.65,0
2023-01-20,5,39,1928,18,1254,44.6,44.94666666666668,33.82958333333333,68.62,0
2023-01-21,6,38,1890,18,1296,55.480000000000004,37.5325,35.87125,64.0,0
2023-01-22,7,38,1900,18,1311,39.54,40.604583333333345,39.227916666666665,84.31,0
2023-01-23,1,40,2017,18,1239,74.46000000000001,44.64458333333332,44.27458333333334,109.61,0
2023-01-24,2,40,1988,18,1357,71.88,43.29458333333333,42.456250000000004,91.39,0
2023-01-25,3,40,1970,18,1346,40.27,49.374166666666675,35.60375,53.94,0
2023-01-26,4,37,1870,18,1223,88.47,42.71,53.01791666666667,101.76,0
2023-01-27,5,37,1849,18,1286,52.28,42.43541666666666,37.38666666666666,103.71000000000001,0
2023-01-28,6,35,1716,18,1290,39.74,33.46458333333333,25.92541666666666,50.58,14
2023-01-29,7,35,1769,18,1215,52.94,34.696250000000006,33.01791666666667,74.2,0
2023-01-30,1,36,1843,19,1167,72.46000000000001,44.23958333333332,41.05291666666666,104.8,0
2023-01-31,2,39,1954,19,1215,79.46000000000001,75.46875000000001,57.17416666666666,156.75,0
2023-02-01,3,40,2021,19,1386,97.37,106.44333333333334,62.124583333333334,204.92000000000002,2
2023-02-02,4,40,2013,19,1455,82.09,91.86999999999999,74.59041666666666,250.83,12
2023-02-03,5,43,2306,19,1400,262.25,201.20833333333334,134.99374999999998,420.1,15
2023-02-04,6,49,2326,18,1830,378.67,226.81250000000003,276.02708333333334,510.96000000000004,0
2023-02-05,7,39,1886,19,1399,167.20000000000002,121.12916666666668,124.82166666666664,336.86,0
2023-02-06,1,39,1939,19,1279,82.51,67.17458333333333,62.645,173.74,1
2023-02-07,2,39,1993,19,1366,47.15,45.905,39.23333333333333,207.09,0
2023-02-08,3,37,1870,19,1318,41.14,30.242083333333337,29.734166666666663,65.48,2
2023-02-09,4,38,1862,18,1304,48.53,35.48708333333334,32.283750000000005,51.31,0
2023-02-10,5,33,1643,19,1156,35.910000000000004,25.073333333333334,23.66208333333333,64.3,6
2023-02-11,6,33,1718,19,1187,56.14,29.357083333333332,28.641666666666666,79.21000000000001,0
2023-02-12,7,35,1790,18,1264,65.48,29.747500000000006,31.91416666666667,331.52,0
2023-02-13,1,37,1875,19,1199,62.83,38.1225,31.32916666666667,92.65,0
2023-02-14,2,35,1786,19,1255,33.52,30.337083333333336,25.079166666666666,49.480000000000004,6
2023-02-15,3,36,1759,19,1270,31.310000000000002,31.297500000000003,28.623333333333335,63.75,0
2023-02-16,4,33,1680,19,1127,32.17,28.09041666666667,30.417916666666674,69.27,0
2023-02-17,5,35,1697,19,1076,28.19,36.26583333333334,34.159166666666664,69.15,0
2023-02-18,6,35,1756,19,1273,37.18,35.45791666666667,26.002916666666668,62.980000000000004,0
2023-02-19,7,34,1710,19,1280,22.46,25.35375,17.447916666666668,24.57,7
2023-02-20,1,33,1682,19,1129,23.13,25.277083333333337,12.631666666666668,33.68,20
2023-02-21,2,37,1843,18,1144,28.05,28.1775,25.038749999999997,41.94,0
2023-02-22,3,36,1823,19,1239,28.32,26.99208333333333,22.27208333333333,53.58,0
2023-02-23,4,39,1917,19,1260,39.1,36.595416666666665,44.77916666666667,109.28,0
2023-02-24,5,38,1938,19,1291,156.54,103.9825,103.09541666666667,183.8,0
2023-02-25,6,41,2009,19,1473,192.91,195.8479166666667,117.54916666666664,235.65,0
2023-02-26,7,40,1907,19,1449,370.97,116.18874999999997,203.79750000000004,375.43,0
2023-02-27,1,38,1973,19,1352,162.46,111.22458333333334,120.3,204.84,0
2023-02-28,2,41,1963,19,1368,98.44,90.32499999999999,81.43208333333335,156.08,0
2023-03-01,3,36,1831,19,1306,62.68,49.07625000000001,52.40833333333333,321.24,0
2023-03-02,4,37,1818,19,1237,63.79,35.84041666666666,45.682916666666664,86.75,0
2023-03-03,5,35,1757,19,1276,53.96,45.005833333333335,37.369166666666665,86.35000000000001,0
2023-03-04,6,37,1826,19,1263,67.92,56.85833333333333,43.78666666666667,106.39,0
2023-03-05,7,35,1802,19,1297,29.76,37.12791666666667,24.52083333333334,48.57,11
2023-03-06,1,35,1826,19,1228,105.45,40.50666666666667,31.137916666666666,129.35,15
2023-03-07,2,36,1874,19,1261,96.69,56.47875,46.595,120.67,3
2023-03-08,3,37,1800,19,1333,55.89,49.16,41.59125,104.8,0
2023-03-09,4,34,1753,19,1204,45.800000000000004,34.78541666666667,26.005416666666672,64.85,11
2023-03-10,5,34,1686,19,1210,48.42,33.175000000000004,28.478333333333335,59.71,0
2023-03-11,6,36,1761,19,1175,58.04,37.31166666666666,34.90791666666666,79.92,0
2023-03-12,7,34,1739,20,1260,30.21,30.75125,24.271666666666665,54.28,2
2023-03-13,1,37,1815,20,1216,46.99,38.58583333333333,28.394999999999996,77.07000000000001,0
2023-03-14,2,38,1868,19,1223,34.37,38.44958333333333,31.4275,41.03,0
2023-03-15,3,38,1846,20,1321,60.49,36.85458333333333,38.553333333333335,132.01,0
2023-03-16,4,35,1717,20,1244,56.230000000000004,34.32541666666666,40.50000000000001,77.79,0
2023-03-17,5,35,1629,8,1215,51.52,30.823333333333334,32.1475,77.9,0
2023-03-18,6,32,1552,20,1125,38.17,28.490416666666665,26.147499999999997,87.94,6
2023-03-19,7,32,1749,20,1125,47.26,32.37958333333333,19.16208333333333,98.62,1
2023-03-20,1,34,1737,20,1172,98.64,38.63708333333334,36.139583333333334,101.79,17
2023-03-21,2,33,1668,8,1102,94.96000000000001,29.696250000000006,27.99791666666667,246.25,0
2023-03-22,3,32,1640,20,1119,33.84,27.478333333333335,23.29041666666667,67.41,4
2023-03-23,4,33,1645,20,1108,25.45,27.852500000000003,24.58583333333333,41.59,0
2023-03-24,5,32,1578,20,1104,49.480000000000004,25.64791666666667,28.726250000000004,56.52,0
2023-03-25,6,35,1670,19,1181,24.86,31.452499999999997,26.65125,62.050000000000004,0
2023-03-26,7,29,1534,20,1030,31.25,22.580833333333327,19.10416666666667,59.84,13
2023-03-27,1,32,1647,20,1097,25.28,27.789166666666663,21.885833333333338,65.75,14
2023-03-28,2,35,1734,20,1131,27.900000000000002,30.145000000000007,24.243750000000002,43.910000000000004,0
2023-03-29,3,33,1667,20,1113,30.12,28.320000000000004,26.33125,62.550000000000004,0
2023-03-30,4,33,1734,20,1169,32.13,31.161666666666672,22.3075,58.57,6
2023-03-31,5,34,1661,20,1177,35.54,29.587500000000006,26.787916666666664,62.43,2
2023-04-01,6,33,1584,12,1124,113.53,27.89458333333333,40.390416666666674,209.51,0
2023-04-02,7,29,1564,20,980,23.27,29.365416666666665,19.725833333333334,56.53,0
2023-04-03,1,32,1624,20,1100,31.44,31.049166666666668,24.981666666666666,60.96,0
2023-04-04,2,31,1568,20,1098,41.17,26.430000000000003,25.803333333333338,44.95,0
2023-04-05,3,34,1695,20,1054,49.97,30.89708333333333,28.48125,59.44,0
2023-04-06,4,33,1583,20,1140,56.800000000000004,28.159166666666664,31.890416666666667,84.56,0
2023-04-07,5,31,1580,20,1062,67.01,26.368750000000006,29.915000000000003,95.76,0
2023-04-08,6,30,1534,20,1013,25.12,26.85083333333333,23.879166666666674,45.57,0
2023-04-09,7,29,1483,21,917,41.64,25.71416666666667,22.58125,57.47,3
2023-04-10,1,30,1565,20,1070,42.230000000000004,30.130416666666665,25.18416666666667,61.84,0
2023-04-11,2,30,1561,20,1060,49.56,25.965833333333336,29.846666666666664,65.11,0
2023-04-12,3,29,1549,20,1010,119.02,26.51291666666667,30.169166666666666,576.02,0
2023-04-13,4,31,1697,20,1009,79.03,29.96375,30.638333333333332,91.84,0
2023-04-14,5,33,1667,18,1073,60.42,31.974999999999994,25.941250000000007,75.92,0
2023-04-15,6,28,1468,20,1009,42.15,27.56958333333334,27.892500000000002,57.28,0
2023-04-16,7,28,1430,20,985,69.48,29.35875,35.9875,92.84,0
2023-04-17,1,32,1544,19,987,28.060000000000002,35.6025,31.198333333333338,57.36,0
2023-04-18,2,30,1522,20,1029,63.27,32.263749999999995,36.27708333333333,66.74,0
2023-04-19,3,31,1570,20,1055,59.11,32.7075,40.19499999999999,132.55,0
2023-04-20,4,29,1496,21,1038,35.03,29.366250000000008,24.470416666666665,57.25,0
2023-04-21,5,29,1455,21,1034,26.89,27.047916666666666,20.995,37.67,0
2023-04-22,6,30,1460,20,1023,30.53,27.52208333333334,20.309166666666666,36.52,0
2023-04-23,7,31,1538,18,1016,26.740000000000002,27.57166666666667,27.406249999999996,57.38,0
2023-04-24,1,30,1540,20,1022,34.06,31.916666666666668,23.674583333333334,61.33,0
2023-04-25,2,30,1535,20,1056,34.13,28.615416666666665,25.67375,46.59,0
2023-04-26,3,31,1555,20,1048,25.61,29.249166666666667,27.738333333333333,55.88,0
2023-04-27,4,31,1547,21,1080,24.990000000000002,29.74875,23.328333333333333,36.660000000000004,0
2023-04-28,5,30,1467,21,1074,30.29,25.825000000000003,23.138333333333335,65.1,0
2023-04-29,6,29,1457,20,1033,30.87,28.768333333333334,19.7475,38.52,0
2023-04-30,7,31,1554,18,1029,29.25,25.055000000000003,21.410833333333333,54.76,0
2023-05-01,1,30,1522,21,1026,26.67,30.742916666666662,22.176666666666673,64.46000000000001,0
2023-05-02,2,31,1549,21,1051,40.0,29.8,27.115416666666665,80.16,0
2023-05-03,3,31,1544,20,1078,40.800000000000004,26.85541666666667,27.397916666666664,127.51,0
2023-05-04,4,33,1602,21,1066,55.410000000000004,31.818750000000005,37.28875,125.61,0
2023-05-05,5,31,1489,21,1100,39.95,28.821250000000003,29.715,73.26,0
2023-05-06,6,27,1422,21,953,44.18,21.54458333333334,21.091250000000006,52.36,3
2023-05-07,7,27,1522,21,967,50.86,20.39375,22.53125,62.26,0
2023-05-08,1,30,1582,20,1017,39.37,25.07375,24.491666666666664,77.33,0
2023-05-09,2,30,1526,21,1020,37.17,24.952083333333334,21.49666666666667,64.77,0
2023-05-10,3,30,1537,21,1043,44.660000000000004,25.04541666666667,23.995,200.4,0
2023-05-11,4,31,1607,19,1025,20.82,25.166249999999994,18.878333333333334,48.26,0
2023-05-12,5,32,1686,19,1030,21.68,25.951666666666668,20.74625,48.58,0
2023-05-13,6,31,1620,19,1064,25.84,25.009583333333335,18.467499999999998,35.42,0
2023-05-14,7,27,1453,21,958,36.25,15.247916666666667,14.077499999999999,63.730000000000004,13
2023-05-15,1,30,1572,21,1002,30.830000000000002,19.15875,13.402499999999998,38.69,10
2023-05-16,2,31,1635,20,1025,28.6,27.194583333333338,27.075416666666666,53.550000000000004,0
2023-05-17,3,30,1527,21,1061,49.53,24.770416666666666,24.712916666666672,55.81,0
2023-05-18,4,29,1524,21,1060,31.52,25.490416666666665,23.070416666666663,39.28,0
2023-05-19,5,30,1480,21,1055,25.59,25.540833333333335,22.63333333333333,49.52,0
2023-05-20,6,31,1495,20,1012,23.990000000000002,25.63916666666667,24.541250000000005,52.49,0
2023-05-21,7,29,1582,21,1049,31.1,24.239583333333332,20.060000000000002,54.88,0
2023-05-22,1,30,1557,20,1039,25.36,25.988333333333333,18.432916666666664,29.54,0
2023-05-23,2,30,1559,21,1048,28.490000000000002,32.405833333333334,24.581666666666663,67.85,0
2023-05-24,3,31,1600,20,1061,34.15,26.027083333333334,25.024583333333336,53.730000000000004,0
2023-05-25,4,31,1556,21,1045,31.76,23.847916666666666,24.702500000000004,45.980000000000004,0
2023-05-26,5,30,1509,21,1048,31.150000000000002,22.241666666666664,20.784166666666668,41.34,0
2023-05-27,6,29,1546,19,1026,34.59,20.497083333333332,23.33958333333334,63.17,0
2023-05-28,7,30,1636,19,1016,16.66,20.200833333333332,16.234583333333333,34.43,0
2023-05-29,1,29,1530,20,1059,16.42,24.73833333333334,16.991666666666667,35.42,0
2023-05-30,2,31,1609,20,1024,34.99,25.096666666666668,35.352500000000006,269.58,0
2023-05-31,3,32,1716,19,1062,49.18,27.31083333333333,27.915833333333335,74.48,0
2023-06-01,4,37,2071,19,1095,135.55,46.57583333333334,36.798750000000005,169.73,4
2023-06-02,5,39,2148,17,1190,45.25,40.55875,28.879166666666674,61.44,0
2023-06-03,6,31,1449,21,1106,20.36,25.77541666666667,28.163333333333338,76.18,0
2023-06-04,7,30,1508,20,1033,17.39,23.159999999999997,20.364166666666666,234.76,0
2023-06-05,1,32,1575,20,1042,26.07,24.7825,25.261666666666667,99.19,0
2023-06-06,2,32,1662,18,1063,31.77,25.112916666666667,22.51125,47.88,0
2023-06-07,3,32,1593,19,1062,23.27,23.74791666666667,23.174166666666668,55.45,0
2023-06-08,4,32,1572,21,1057,43.26,23.054583333333337,27.280416666666667,57.52,0
2023-06-09,5,32,1551,18,1066,35.81,24.372083333333336,25.79625,51.0,0
2023-06-10,6,30,1496,21,1042,20.11,24.78958333333333,20.19666666666667,36.18,0
2023-06-11,7,31,1712,19,1036,18.63,22.444999999999997,20.169999999999998,69.3,0
2023-06-12,1,37,1934,19,1115,28.46,27.125833333333333,25.571250000000003,54.72,0
2023-06-13,2,39,2015,19,1219,41.0,27.060000000000002,32.96666666666667,68.19,0
2023-06-14,3,37,1934,19,1197,25.92,24.328333333333337,25.785,49.660000000000004,0
2023-06-15,4,37,1924,19,1153,25.310000000000002,25.224166666666665,25.112083333333334,53.65,0
2023-06-16,5,38,2000,18,1192,37.88,25.807500000000005,26.76333333333334,53.75,0
2023-06-17,6,35,1613,12,1192,21.330000000000002,23.10625,20.290833333333328,33.52,0
2023-06-18,7,32,1613,21,1075,23.93,21.27791666666667,16.625833333333333,30.310000000000002,2
2023-06-19,1,34,1727,19,1101,46.01,22.94333333333334,27.824166666666667,63.800000000000004,0
2023-06-20,2,34,1708,19,1098,37.21,23.21083333333333,27.678749999999997,45.21,0
2023-06-21,3,33,1715,19,1098,30.92,26.528333333333332,24.86583333333333,58.370000000000005,0
2023-06-22,4,34,1757,19,1095,49.550000000000004,24.054166666666664,27.031666666666666,63.71,0
2023-06-23,5,38,1986,18,1156,93.46000000000001,37.80625,52.767500000000005,108.08,0
2023-06-24,6,39,2002,19,1270,38.800000000000004,44.88208333333333,47.658333333333324,249.49,0
2023-06-25,7,43,2400,19,1302,99.04,55.04000000000002,58.330000000000005,115.33,0
2023-06-26,1,47,2503,18,1423,282.16,63.708333333333336,138.19916666666666,312.13,0
2023-06-27,2,45,2185,19,1485,50.17,63.00625,68.76125,169.51,0
2023-06-28,3,44,2250,19,1403,82.23,70.44875,53.15291666666667,87.48,0
2023-06-29,4,45,2362,18,1356,44.59,56.782500000000006,46.793333333333344,80.95,0
2023-06-30,5,45,2429,18,1339,33.95,44.30250000000001,37.34,79.44,0
2023-07-01,6,42,2289,18,1298,33.44,35.63458333333333,34.224583333333335,72.84,0
2023-07-02,7,41,2080,19,1310,57.38,31.500833333333336,41.365833333333335,81.17,0
2023-07-03,1,46,2394,19,1426,36.67,44.047500000000014,37.69083333333333,151.98,0
2023-07-04,2,42,2049,16,1419,36.480000000000004,36.060416666666676,33.704583333333325,88.4,0
2023-07-05,3,49,2816,19,1335,1173.89,64.63,131.15583333333336,2735.48,0
2023-07-06,4,55,3016,18,1589,134.28,85.22000000000001,67.49708333333332,157.83,0
2023-07-07,5,53,2771,18,1642,72.84,68.00750000000001,50.022083333333335,112.34,0
2023-07-08,6,51,2710,18,1614,41.36,42.96666666666667,41.05041666666667,106.05,0
2023-07-09,7,48,2447,18,1574,31.09,37.91583333333333,29.03166666666667,49.92,0
2023-07-10,1,46,2198,19,1535,45.07,31.13416666666667,33.47041666666667,90.4,0
2023-07-11,2,49,2760,19,1361,51.46,28.506249999999998,27.215833333333336,93.7,4
2023-07-12,3,55,3004,18,1543,31.3,40.94958333333333,26.53375000000001,74.16,0
2023-07-13,4,55,2887,17,1643,59.38,33.340833333333336,37.41583333333333,86.43,0
2023-07-14,5,49,2382,19,1645,53.45,37.96958333333333,33.19375,65.63,0
2023-07-15,6,51,2687,18,1539,55.01,38.680416666666666,37.7725,95.31,0
2023-07-16,7,50,2413,18,1720,30.36,29.161249999999995,35.67208333333334,98.44,0
2023-07-17,1,55,2955,18,1587,50.56,53.81208333333334,30.045833333333334,74.12,0
2023-07-18,2,54,2799,18,1705,29.72,37.78375,30.347083333333334,67.72,0
2023-07-19,3,54,2745,17,1692,29.09,34.49166666666667,28.894583333333333,50.92,0
2023-07-20,4,51,2738,18,1553,57.35,30.928749999999997,33.762083333333344,66.24,0
2023-07-21,5,48,2373,18,1489,86.87,29.019166666666667,43.91958333333334,128.34,0
2023-07-22,6,46,2458,18,1440,43.59,26.334166666666665,28.850000000000005,80.88,0
2023-07-23,7,47,2604,19,1397,61.54,25.688333333333333,30.85708333333334,69.22,0
2023-07-24,1,51,2801,18,1455,66.11,32.862500000000004,43.82666666666666,86.36,0
2023-07-25,2,52,2750,17,1551,45.03,40.56708333333333,34.36208333333334,74.46000000000001,0
2023-07-26,3,52,2904,18,1489,42.95,50.35708333333334,32.39791666666667,91.45,0
2023-07-27,4,57,3107,18,1659,101.60000000000001,81.27041666666666,52.41416666666667,182.32,0
2023-07-28,5,58,3110,18,1719,78.86,92.67666666666668,40.79708333333334,84.05,0
2023-07-29,6,55,2787,18,1775,46.31,48.87916666666667,31.69125,60.09,0
2023-07-30,7,39,2059,19,1355,36.99,28.810833333333335,18.194999999999997,55.77,10
2023-07-31,1,42,2341,19,1247,68.89,22.691666666666663,43.38125,94.8,0
2023-08-01,2,41,2113,19,1330,49.63,31.877499999999998,40.87500000000001,88.9,0
2023-08-02,3,38,2027,19,1225,47.800000000000004,26.745,24.893333333333334,53.59,0
2023-08-03,4,40,2096,18,1226,27.060000000000002,30.314999999999998,25.265416666666667,65.82000000000001,0
2023-08-04,5,43,2203,18,1294,31.55,30.05333333333333,30.145,61.76,0
2023-08-05,6,44,2316,18,1403,34.910000000000004,27.03291666666667,24.500416666666663,47.59,0
2023-08-06,7,42,2313,19,1290,52.870000000000005,23.40958333333334,29.43375,66.09,0
2023-08-07,1,43,2055,20,1351,23.54,29.55666666666667,24.39458333333334,37.730000000000004,0
2023-08-08,2,49,2562,18,1482,38.1,31.201250000000005,28.31916666666667,63.99,0
2023-08-09,3,47,2505,18,1468,33.160000000000004,25.664583333333336,25.792500000000004,53.68,0
2023-08-10,4,47,2395,16,1408,44.02,28.68875,29.598333333333333,65.52,0
2023-08-11,5,46,2415,18,1463,49.71,28.532083333333333,26.382500000000004,53.800000000000004,0
2023-08-12,6,43,2404,18,1302,31.42,25.145416666666666,25.974166666666665,54.29,0
2023-08-13,7,48,2537,18,1532,41.32,27.918750000000003,31.185,55.82,0
2023-08-14,1,47,2524,18,1415,54.82,28.058333333333337,37.702916666666674,101.98,0
2023-08-15,2,44,2067,12,1540,25.8,27.83375,28.503333333333334,66.71000000000001,0
2023-08-16,3,42,2000,18,1343,25.02,30.52666666666666,26.83375,52.7,0
2023-08-17,4,42,2013,18,1332,23.150000000000002,28.991666666666664,23.78583333333334,66.43,0
2023-08-18,5,45,2288,19,1372,46.93,25.661250000000006,34.92333333333333,66.88,0
2023-08-19,6,36,1819,19,1219,29.400000000000002,22.121666666666666,20.914166666666663,55.160000000000004,0
2023-08-20,7,39,2191,18,1195,26.060000000000002,22.978333333333335,22.849166666666665,51.120000000000005,0
2023-08-21,1,47,2596,18,1336,60.980000000000004,29.021666666666672,32.30458333333333,117.37,0
2023-08-22,2,41,2108,19,1416,52.870000000000005,24.684166666666666,27.850000000000005,63.76,0
2023-08-23,3,38,2048,19,1230,49.160000000000004,22.619583333333335,24.000416666666666,62.18,0
2023-08-24,4,38,1986,18,1204,19.76,24.254166666666666,29.06041666666667,100.14,0
2023-08-25,5,40,1919,18,1266,31.91,27.81791666666666,33.82958333333333,65.41,0
2023-08-26,6,44,2329,18,1348,40.63,28.593750000000004,31.96875,84.87,0
2023-08-27,7,40,2036,19,1337,45.42,24.19541666666667,28.06625,61.730000000000004,0
2023-08-28,1,40,2054,19,1260,55.410000000000004,25.414583333333336,46.34208333333333,323.7,0
2023-08-29,2,42,2143,20,1277,46.71,28.795,31.718333333333337,100.31,0
2023-08-30,3,45,2338,18,1408,46.38,29.678749999999997,33.18208333333333,99.53,0
2023-08-31,4,37,1903,19,1291,31.48,25.249583333333334,20.679166666666664,37.050000000000004,0
2023-09-01,5,35,1799,19,1153,36.11,21.587083333333336,22.35833333333333,41.72,0
2023-09-02,6,34,1785,19,1122,34.46,19.445416666666663,19.062916666666666,36.730000000000004,0
2023-09-03,7,40,2307,18,1196,51.25,22.15833333333333,25.590416666666666,55.52,0
2023-09-04,1,45,2593,18,1334,78.54,35.83166666666667,34.91666666666667,104.8,0
2023-09-05,2,51,2823,18,1426,311.71,55.326249999999995,103.44166666666668,484.87,0
2023-09-06,3,53,2888,18,1573,330.31,61.52124999999999,100.40708333333333,489.67,0
2023-09-07,4,58,3179,18,1642,158.16,76.78125,62.602083333333326,418.58,0
2023-09-08,5,56,2836,18,1716,27.990000000000002,49.82541666666666,30.568750000000005,72.14,0
2023-09-09,6,51,2580,15,1715,45.65,36.70375000000001,32.150416666666665,71.27,0
2023-09-10,7,46,2297,14,1555,30.09,29.610833333333332,24.795833333333334,47.27,0
2023-09-11,1,46,2290,18,1462,53.43,32.54666666666667,36.949999999999996,62.51,0
2023-09-12,2,47,2464,18,1444,217.87,36.282916666666665,52.522083333333335,346.25,0
2023-09-13,3,45,2226,19,1427,46.75,30.25208333333333,41.05291666666667,92.65,0
2023-09-14,4,42,2166,18,1394,53.4,25.939999999999998,36.77625,465.44,0
2023-09-15,5,35,1694,19,1216,50.35,24.210833333333337,25.351250000000004,69.5,0
2023-09-16,6,33,1597,20,1108,27.93,21.0425,17.098333333333333,49.26,0
2023-09-17,7,32,1779,20,1061,30.22,20.665,16.55875,55.96,0
2023-09-18,1,38,1842,19,1161,36.51,24.675416666666667,29.249583333333334,123.41,0
2023-09-19,2,35,1825,20,1176,36.85,24.90625,21.679166666666674,50.76,0
2023-09-20,3,34,1809,19,1126,40.94,23.0325,23.229583333333334,76.71000000000001,0
2023-09-21,4,34,1772,20,1105,34.85,24.4575,26.265000000000004,88.53,0
2023-09-22,5,33,1617,20,1097,21.01,25.562083333333334,17.422083333333333,23.990000000000002,0
2023-09-23,6,33,1585,19,1062,21.86,19.19333333333333,25.2825,67.53,0
2023-09-24,7,33,1645,19,1065,33.59,22.71083333333333,23.046250000000004,102.22,0
2023-09-25,1,35,1721,19,1083,23.490000000000002,24.214166666666667,24.096249999999998,57.27,0
2023-09-26,2,34,1672,20,1089,26.57,26.123750000000005,19.301666666666666,48.35,0
2023-09-27,3,32,1671,20,1060,33.03,23.661666666666672,23.285416666666666,56.69,0
2023-09-28,4,32,1665,20,1081,28.6,26.539166666666663,21.522083333333338,55.6,0
2023-09-29,5,34,1659,19,1078,26.5,24.26,24.86958333333334,50.0,0
2023-09-30,6,33,1580,19,1079,24.080000000000002,22.870416666666667,21.65875,50.22,0
2023-10-01,7,30,1618,19,1048,27.05,22.957916666666662,16.842916666666667,51.28,0
2023-10-02,1,32,1715,19,1054,40.81,28.65458333333333,18.840833333333336,71.52,0
2023-10-03,2,34,1818,19,1066,25.02,24.095833333333335,16.042083333333334,28.490000000000002,0
2023-10-04,3,37,1992,19,1127,283.62,29.011666666666674,43.518333333333324,471.68,0
2023-10-05,4,36,1878,19,1166,28.5,25.607083333333335,21.132083333333334,96.89,0
2023-10-06,5,36,1830,19,1168,38.160000000000004,24.68916666666667,28.575,67.67,0
2023-10-07,6,35,1690,19,1177,21.72,29.772499999999997,22.210000000000004,50.88,0
2023-10-08,7,29,1540,19,1046,13.94,16.01875,5.75125,29.76,25
2023-10-09,1,31,1666,19,1026,36.06,20.361666666666668,14.827916666666667,74.42,10
2023-10-10,2,33,1656,19,1056,29.13,25.18583333333334,40.84833333333333,266.37,0
2023-10-11,3,32,1665,19,1053,45.47,28.022499999999997,26.875000000000004,80.12,0
2023-10-12,4,32,1653,19,1050,31.62,24.610833333333336,22.141666666666666,53.08,0
2023-10-13,5,31,1586,19,1046,32.160000000000004,21.609166666666667,21.07,59.51,0
2023-10-14,6,30,1544,19,1030,26.650000000000002,18.419999999999998,24.19458333333333,76.64,0
2023-10-15,7,30,1602,19,1025,27.71,19.195833333333336,18.191666666666666,50.370000000000005,0
2023-10-16,1,33,1713,19,1037,24.86,26.150833333333335,17.322499999999998,26.64,0
2023-10-17,2,33,1698,19,1074,25.03,23.60291666666667,20.87333333333334,53.480000000000004,0
2023-10-18,3,33,1704,19,1076,52.31,25.163750000000004,28.748333333333335,79.0,0
2023-10-19,4,32,1675,19,1069,37.9,27.23416666666667,21.867500000000003,88.86,0
2023-10-20,5,33,1653,19,1068,24.330000000000002,26.392916666666668,19.27,28.51,0
2023-10-21,6,32,1586,19,1050,28.51,25.02541666666666,31.168750000000003,385.01,0
2023-10-22,7,30,1611,19,1024,51.08,23.913749999999997,24.157500000000002,79.29,0
2023-10-23,1,32,1713,19,1041,295.93,26.392083333333332,43.45875,382.41,0
2023-10-24,2,33,1691,19,1077,43.99,27.441250000000007,20.834583333333335,102.44,0
2023-10-25,3,32,1695,19,1064,29.7,27.594583333333333,26.97333333333333,478.40000000000003,0
2023-10-26,4,33,1733,19,1057,23.27,32.73583333333334,23.038749999999997,335.66,0
2023-10-27,5,33,1656,19,1056,18.69,31.37166666666667,20.738333333333333,48.17,0
2023-10-28,6,31,1671,19,1040,25.330000000000002,30.124583333333334,21.21625,35.45,0
2023-10-29,7,31,1631,19,1009,29.5,32.32583333333333,26.712083333333336,70.0,0
2023-10-30,1,35,1740,19,1038,30.810000000000002,38.724999999999994,34.99916666666667,77.05,0
2023-10-31,2,33,1661,19,1087,28.43,35.9325,32.09875,116.60000000000001,0
2023-11-01,3,36,1832,19,1142,54.19,45.967083333333335,30.49833333333333,100.36,0
2023-11-02,4,36,1832,19,1231,33.57,37.17958333333333,25.699166666666667,58.99,5
2023-11-03,5,35,1704,19,1266,25.51,30.441666666666666,24.678749999999997,104.0,15
2023-11-04,6,31,1580,19,1110,42.06,23.328333333333333,27.164583333333336,74.48,0
2023-11-05,7,31,1651,18,1058,50.04,25.56166666666667,24.82083333333334,78.36,0
2023-11-06,1,35,1810,18,1081,70.74,30.496250000000003,41.98208333333333,388.68,0
2023-11-07,2,34,1724,18,1108,42.75,29.121666666666673,23.318749999999998,77.93,0
2023-11-08,3,34,1845,18,1095,26.1,25.770416666666666,23.60375,82.3,0
2023-11-09,4,38,1836,18,1210,35.96,30.922083333333337,31.77625,106.93,0
2023-11-10,5,36,1787,18,1210,27.560000000000002,34.086666666666666,37.243750000000006,90.76,0
2023-11-11,6,33,1701,18,1173,31.52,31.222916666666666,30.22125,202.4,0
2023-11-12,7,35,1835,18,1228,86.64,37.28541666666666,42.50166666666666,112.19,0
2023-11-13,1,37,1896,18,1286,76.16,42.13291666666667,37.712916666666665,105.85000000000001,0
2023-11-14,2,37,1854,18,1242,42.78,35.876666666666665,32.92541666666667,96.76,0
2023-11-15,3,36,1846,18,1260,35.07,35.755833333333335,34.36083333333334,111.57000000000001,0
2023-11-16,4,34,1757,18,1171,31.92,34.19458333333333,38.758333333333326,110.2,0
2023-11-17,5,34,1695,18,1164,50.34,31.145,32.03708333333333,107.26,0
2023-11-18,6,33,1700,18,1055,40.36,33.10166666666667,31.062916666666677,77.45,0
2023-11-19,7,34,1780,18,1214,51.15,36.31791666666667,29.186666666666657,86.59,0
2023-11-20,1,37,1960,18,1192,31.44,37.96833333333333,27.010833333333334,44.46,5
2023-11-21,2,39,1946,18,1351,55.15,43.08833333333334,45.607916666666675,174.15,0
2023-11-22,3,38,1852,18,1259,30.73,34.88583333333333,32.12916666666667,90.82000000000001,0
2023-11-23,4,33,1493,18,1172,26.240000000000002,39.333333333333336,25.93291666666667,34.910000000000004,0
2023-11-24,5,34,1758,18,1150,39.72,38.81000000000001,27.082916666666666,56.02,16
2023-11-25,6,37,1901,18,1309,210.61,58.179166666666674,66.78500000000001,398.51,0
2023-11-26,7,37,1895,18,1314,75.43,44.997083333333336,39.68250000000001,121.05,0
2023-11-27,1,35,1884,18,1154,59.22,46.54625000000001,35.840833333333336,120.03,0
2023-11-28,2,39,2028,18,1231,83.7,70.755,51.651250000000005,112.43,0
2023-11-29,3,40,2047,18,1384,280.89,97.64458333333333,99.20125,371.48,4
2023-11-30,4,39,1941,18,1378,39.36,60.32875000000001,68.13541666666667,634.5500000000001,0
2023-12-01,5,36,1800,18,1232,36.43,35.93625,34.91708333333334,92.18,0
2023-12-02,6,34,1734,18,1124,29.53,35.7475,38.72041666666667,98.85000000000001,0
2023-12-03,7,36,1866,18,1145,278.75,35.225,66.73416666666667,462.59000000000003,0
2023-12-04,1,36,1899,18,1146,51.410000000000004,45.58041666666667,35.656666666666666,93.04,0
2023-12-05,2,39,2005,18,1199,118.72,58.25541666666667,65.48,178.07,0
2023-12-06,3,41,2088,18,1316,92.05,104.72124999999998,96.09416666666665,168.52,0
2023-12-07,4,43,2140,18,1440,92.03,101.18499999999999,118.19125000000001,249.97,0
2023-12-08,5,41,1992,18,1470,48.43,59.72666666666668,60.49041666666667,282.36,0
2023-12-09,6,36,1803,18,1327,20.27,33.74333333333334,25.184166666666673,67.98,0
2023-12-10,7,34,1804,18,1162,29.76,28.63416666666667,24.182916666666667,80.21000000000001,3
2023-12-11,1,37,1994,18,1090,33.46,31.72125,30.220000000000002,126.47,0
2023-12-12,2,39,2033,18,1314,25.46,29.547916666666666,18.512500000000003,42.53,7
2023-12-13,3,39,2013,19,1320,34.03,34.675,25.5825,107.34,5
2023-12-14,4,41,2085,19,1382,25.810000000000002,33.577083333333334,30.365,150.92000000000002,0
2023-12-15,5,38,1889,18,1380,19.62,27.630416666666665,20.94458333333333,86.57000000000001,2
2023-12-16,6,36,1818,18,1263,44.4,26.33083333333334,22.702083333333338,84.47,0
2023-12-17,7,36,1856,18,1229,36.800000000000004,25.61083333333333,18.261666666666663,84.66,0
2023-12-18,1,34,1672,18,1118,22.14,28.024166666666673,26.56958333333333,77.16,1
2023-12-19,2,36,1912,19,1100,38.2,30.058333333333337,28.72208333333333,98.49000000000001,0
2023-12-20,3,40,2037,18,1317,102.62,32.959583333333335,42.29125000000001,226.12,0
2023-12-21,4,41,2097,19,1356,40.85,46.46708333333334,31.450833333333335,95.23,4
2023-12-22,5,42,2079,18,1471,40.69,49.02208333333332,38.3975,81.93,0
2023-12-23,6,40,1967,18,1485,23.07,37.41625000000001,43.7725,162.79,0
2023-12-24,7,37,1803,17,1271,22.04,27.400416666666672,28.134999999999994,116.61,0
2023-12-25,1,33,1625,18,1185,18.34,26.56291666666667,18.463749999999997,24.14,0
2023-12-26,2,37,1911,18,1191,23.0,26.57791666666667,18.073333333333334,25.77,2
2023-12-27,3,37,1872,18,1209,23.02,26.26833333333333,26.955000000000002,92.62,0
2023-12-28,4,37,1906,18,1159,22.150000000000002,25.80125,28.14291666666666,65.75,0
2023-12-29,5,37,1860,18,1201,27.61,28.715416666666666,24.40166666666667,75.79,0
2023-12-30,6,36,1827,18,1166,49.730000000000004,30.24541666666667,32.5675,66.92,0
2023-12-31,7,37,1907,18,1236,41.42,28.27208333333333,38.669999999999995,81.35000000000001,0
